City_ID,City,Country,Date,Lat,Lng,Max Temp,Humidity,Cloudiness,Wind Speed
0,Steamboat Springs,US,2021-27-27 09:29:42,40.485,-106.8317,67.59,54,1,0.0
1,Aracaju,BR,2021-27-27 09:26:36,-10.9111,-37.0717,71.55,94,90,1.14
2,Punta Arenas,CL,2021-27-27 09:28:36,-53.15,-70.9167,42.91,81,75,11.5
3,Lakatoro,VU,2021-27-27 09:29:43,-16.0999,167.4164,76.89,82,100,17.18
4,New Norfolk,AU,2021-27-27 09:29:43,-42.7826,147.0587,54.91,60,100,4.0
5,Itarema,BR,2021-27-27 09:29:44,-2.9248,-39.9167,75.4,84,84,14.29
6,Aklavik,CA,2021-27-27 09:29:44,68.2191,-135.0107,54.32,84,99,4.92
7,Nikolskoye,RU,2021-27-27 09:29:45,59.7035,30.7861,84.09,32,4,3.24
8,Ilhabela,BR,2021-27-27 09:29:45,-23.7781,-45.3581,70.21,46,0,6.69
9,Busselton,AU,2021-27-27 09:29:45,-33.65,115.3333,52.09,56,87,18.12
10,Port Alfred,ZA,2021-27-27 09:29:46,-33.5906,26.891,74.82,29,20,26.64
11,Tasiilaq,GL,2021-27-27 09:29:46,65.6145,-37.6368,39.36,83,34,2.84
12,Doha,QA,2021-27-27 09:29:46,25.2867,51.5333,115.11,30,2,8.05
13,North Bend,US,2021-27-27 09:29:47,43.4065,-124.2243,59.23,91,90,11.5
14,Butaritari,KI,2021-27-27 09:29:47,3.0707,172.7902,80.22,80,65,7.34
15,Yellowknife,CA,2021-27-27 09:29:47,62.456,-114.3525,52.32,82,75,3.0
16,Barda,AZ,2021-27-27 09:29:48,40.3744,47.1267,97.88,19,2,10.42
17,Cidreira,BR,2021-27-27 09:29:48,-30.1811,-50.2056,55.71,93,100,18.05
18,Santa Rosa,PH,2021-27-27 09:29:49,14.3122,121.1114,84.18,80,88,16.42
19,Saint-Philippe,RE,2021-27-27 09:29:49,-21.3585,55.7679,74.75,72,100,9.95
20,Atuona,PF,2021-27-27 09:29:49,-9.8,-139.0333,78.04,68,83,22.35
21,Sakakah,SA,2021-27-27 09:29:50,29.9697,40.2064,107.17,14,0,6.29
22,Souillac,MU,2021-27-27 09:29:50,-20.5167,57.5167,74.35,73,75,12.66
23,Zanjan,IR,2021-27-27 09:29:50,36.6736,48.4787,94.69,16,20,6.91
24,Castro,BR,2021-27-27 09:29:51,-24.7911,-50.0119,56.86,64,66,7.09
25,Ushuaia,AR,2021-27-27 09:25:03,-54.8,-68.3,35.26,80,75,3.44
26,Shimoda,JP,2021-27-27 09:29:51,34.6667,138.95,77.11,84,100,5.97
27,Rikitea,PF,2021-27-27 09:29:52,-23.1203,-134.9692,74.97,76,100,18.07
28,Kropotkin,RU,2021-27-27 09:29:52,45.4375,40.5756,70.38,60,100,17.05
29,Mar Del Plata,AR,2021-27-27 09:28:31,-38.0023,-57.5575,37.42,57,75,11.99
30,Payo,ID,2021-27-27 09:29:53,-3.7508,103.6372,88.95,41,1,4.32
31,Kavaratti,IN,2021-27-27 09:29:53,10.5669,72.642,82.06,79,100,19.95
32,Vaini,TO,2021-27-27 09:29:53,-21.2,-175.2,69.96,88,75,10.36
33,San Vicente,AR,2021-27-27 09:29:54,-26.6167,-54.1333,54.09,98,100,7.43
34,Bredasdorp,ZA,2021-27-27 09:29:54,-34.5322,20.0403,63.28,51,0,3.44
35,Arraial Do Cabo,BR,2021-27-27 09:29:55,-22.9661,-42.0278,67.86,88,0,12.66
36,Havre-Saint-Pierre,CA,2021-27-27 09:29:55,50.2334,-63.5986,61.16,100,90,5.75
37,Adre,TD,2021-27-27 09:29:56,13.4667,22.2,80.44,61,99,9.95
38,Ribeira Grande,PT,2021-27-27 09:29:56,38.5167,-28.7,73.8,78,75,8.05
39,Camacha,PT,2021-27-27 09:29:56,33.0833,-16.3333,70.56,78,75,11.5
40,Dingle,PH,2021-27-27 09:29:57,10.9995,122.6711,83.34,76,86,15.99
41,Vestmannaeyjar,IS,2021-27-27 09:29:57,63.4427,-20.2734,52.79,76,20,8.05
42,Sakyla,FI,2021-27-27 09:29:57,61.0333,22.3333,84.94,32,98,6.87
43,Georgetown,MY,2021-27-27 09:27:12,5.4112,100.3354,89.55,71,40,9.22
44,Nouadhibou,MR,2021-27-27 09:29:58,20.931,-17.0347,71.58,83,0,19.57
45,Cap Malheureux,MU,2021-27-27 09:29:58,-19.9842,57.6142,74.46,69,39,11.99
46,Nemuro,JP,2021-27-27 09:29:59,43.3236,145.575,64.83,99,100,6.11
47,Nokha,IN,2021-27-27 09:29:59,27.6,73.4167,92.8,48,100,20.29
48,Dunedin,NZ,2021-27-27 09:27:05,-45.8742,170.5036,46.8,77,97,1.01
49,Cape Town,ZA,2021-27-27 09:27:43,-33.9258,18.4232,61.11,72,75,11.01
50,Chokurdakh,RU,2021-27-27 09:30:00,70.6333,147.9167,41.22,72,100,12.26
51,Mareeba,AU,2021-27-27 09:30:00,-17.0,145.4333,68.72,90,55,4.27
52,Saint George,US,2021-27-27 09:26:12,37.1041,-113.5841,76.53,87,1,1.01
53,Labuhan,ID,2021-27-27 09:30:01,-6.8844,112.2051,83.01,64,31,10.58
54,Buraydah,SA,2021-27-27 09:30:01,26.326,43.975,113.45,8,15,21.43
55,Hermanus,ZA,2021-27-27 09:30:01,-34.4187,19.2345,63.81,68,0,21.36
56,Bure,ET,2021-27-27 09:30:03,10.7,37.0667,64.98,82,94,4.25
57,The Valley,AI,2021-27-27 09:30:03,18.217,-63.0578,81.1,73,14,17.49
58,Skjervoy,NO,2021-27-27 09:30:04,70.0311,20.9714,48.72,95,92,4.41
59,Rock Sound,BS,2021-27-27 09:30:04,24.9,-76.2,82.4,76,6,7.29
60,Clyde River,CA,2021-27-27 09:30:05,70.4692,-68.5914,37.63,100,90,3.44
61,Mount Darwin,ZW,2021-27-27 09:30:05,-16.7725,31.5838,68.7,28,74,9.26
62,Aracatuba,BR,2021-27-27 09:26:44,-21.2089,-50.4328,64.58,55,0,6.91
63,Sambava,MG,2021-27-27 09:30:06,-14.2667,50.1667,75.22,66,28,16.46
64,Fort Nelson,CA,2021-27-27 09:30:05,58.8053,-122.7002,56.79,82,75,0.0
65,Mataura,NZ,2021-27-27 09:29:45,-46.1927,168.8643,45.48,85,85,3.44
66,Cairns,AU,2021-27-27 09:29:08,-16.9167,145.7667,73.35,68,75,3.44
67,Chenghai,CN,2021-27-27 09:30:07,23.4632,116.768,94.91,63,40,20.13
68,Kuytun,RU,2021-27-27 09:30:07,54.3419,101.5036,84.18,36,3,9.71
69,Avarua,CK,2021-27-27 09:29:55,-21.2078,-159.775,69.85,88,40,2.3
70,Lata,PT,2021-27-27 09:30:08,40.1629,-8.3327,71.92,46,27,5.37
71,Dali,CN,2021-27-27 09:30:08,25.7,100.1833,73.45,70,98,2.53
72,Nantucket,US,2021-27-27 09:30:09,41.2835,-70.0995,71.96,93,1,3.44
73,Nanchong,CN,2021-27-27 09:30:09,30.7951,106.0847,88.56,61,36,3.87
74,East London,ZA,2021-27-27 09:30:09,-33.0153,27.9116,77.9,25,84,10.74
75,Paveh,IR,2021-27-27 09:30:10,35.0434,46.3565,100.35,10,1,7.09
76,Bluff,NZ,2021-27-27 09:30:10,-46.6,168.3333,45.81,76,89,15.75
77,Sao Filipe,CV,2021-27-27 09:30:11,14.8961,-24.4956,75.47,80,35,8.39
78,Kizukuri,JP,2021-27-27 09:30:11,40.8061,140.3861,79.65,84,80,7.25
79,Victoria,HK,2021-27-27 09:30:07,22.2855,114.1577,95.22,79,99,1.01
80,Thompson,CA,2021-27-27 09:26:34,55.7435,-97.8558,48.36,93,20,0.0
81,Comodoro Rivadavia,AR,2021-27-27 09:30:01,-45.8667,-67.5,44.46,57,90,13.8
82,Broken Hill,AU,2021-27-27 09:30:12,-31.95,141.4333,67.71,21,26,17.27
83,Jamestown,US,2021-27-27 09:27:20,42.097,-79.2353,68.72,92,1,1.01
84,Mahebourg,MU,2021-27-27 09:30:13,-20.4081,57.7,74.25,73,75,12.66
85,Qaanaaq,GL,2021-27-27 09:30:13,77.484,-69.3632,42.58,94,100,8.25
86,Pacific Grove,US,2021-27-27 09:30:13,36.6177,-121.9166,66.29,92,40,8.99
87,Laguna,US,2021-27-27 09:30:14,38.421,-121.4238,79.21,51,1,3.44
88,Ancud,CL,2021-27-27 09:30:14,-41.8697,-73.8203,36.93,83,41,4.97
89,Geraldton,AU,2021-27-27 09:30:14,-28.7667,114.6,63.01,67,90,12.66
90,Meulaboh,ID,2021-27-27 09:30:15,4.1363,96.1285,85.32,68,64,9.46
91,Khani,GE,2021-27-27 09:30:15,41.9563,42.9566,67.57,96,99,1.86
92,Tuktoyaktuk,CA,2021-27-27 09:30:02,69.4541,-133.0374,44.85,76,100,8.77
93,Mana,GF,2021-27-27 09:30:16,5.6592,-53.7767,75.47,91,89,4.83
94,Dutlwe,BW,2021-27-27 09:30:16,-23.9833,23.9,61.09,33,0,10.74
95,Kindu,CD,2021-27-27 09:30:17,-2.95,25.95,92.93,21,87,4.59
96,Corrente,BR,2021-27-27 09:30:17,-3.7367,-43.3394,72.36,91,26,1.54
97,Makubetsu,JP,2021-27-27 09:30:17,45.3714,141.8211,76.71,73,20,2.3
98,Severo-Kurilsk,RU,2021-27-27 09:30:18,50.6789,156.125,58.53,97,87,8.25
99,Albany,US,2021-27-27 09:30:18,42.6001,-73.9662,62.53,89,1,3.15
100,Ojinaga,MX,2021-27-27 09:30:18,29.5667,-104.4167,85.41,34,1,11.5
101,Chinhoyi,ZW,2021-27-27 09:30:19,-17.3667,30.2,69.37,17,53,8.14
102,Saskylakh,RU,2021-27-27 09:30:19,71.9167,114.0833,66.22,51,62,12.48
103,Non Thai,TH,2021-27-27 09:30:20,15.1981,102.0358,88.38,71,83,15.03
104,Taoudenni,ML,2021-27-27 09:30:20,22.6783,-3.9836,108.73,6,12,1.66
105,Goundam,ML,2021-27-27 09:30:21,16.4145,-3.6708,88.81,49,91,17.36
106,Sola,VU,2021-27-27 09:30:21,-13.8833,167.55,80.08,78,69,20.74
107,Killybegs,IE,2021-27-27 09:30:21,54.6333,-8.45,60.51,84,100,10.98
108,Tilichiki,RU,2021-27-27 09:30:22,60.4667,166.1,48.88,94,100,5.37
109,Valdez,EC,2021-27-27 09:30:22,1.2492,-78.9831,76.82,84,99,8.88
110,Quatre Cocos,MU,2021-27-27 09:30:22,-20.2078,57.7625,74.08,72,41,14.47
111,Taree,AU,2021-27-27 09:30:23,-31.9,152.4667,55.33,82,5,5.75
112,Gangtok,IN,2021-27-27 09:30:23,27.3333,88.6167,69.67,93,99,1.86
113,Carnarvon,AU,2021-27-27 09:30:22,-24.8667,113.6333,69.87,64,43,14.97
114,Sao Jose Da Coroa Grande,BR,2021-27-27 09:30:24,-8.8978,-35.1478,75.22,85,38,8.52
115,Longyearbyen,SJ,2021-27-27 09:30:24,78.2186,15.6401,46.24,81,75,3.44
116,Sitka,US,2021-27-27 09:30:18,57.0531,-135.33,58.89,82,90,4.61
117,Hambantota,LK,2021-27-27 09:30:25,6.1241,81.1185,93.54,59,40,18.41
118,Ahipara,NZ,2021-27-27 09:30:25,-35.1667,173.1667,54.57,74,7,11.34
119,Skibbereen,IE,2021-27-27 09:30:26,51.55,-9.2667,60.6,64,95,12.15
120,High Level,CA,2021-27-27 09:30:26,58.5169,-117.136,50.11,93,1,5.75
121,Petropavlovsk-Kamchatskiy,RU,2021-27-27 09:30:26,53.0452,158.6483,68.59,68,75,17.9
122,Faya,SA,2021-27-27 09:30:27,18.3851,42.4509,75.31,47,87,6.33
123,Gallup,US,2021-27-27 09:30:27,35.5281,-108.7426,63.36,82,1,0.0
124,Hobart,AU,2021-27-27 09:28:03,-42.8794,147.3294,55.26,65,40,1.01
125,Saint Anthony,US,2021-27-27 09:30:05,45.0205,-93.218,78.82,63,1,6.91
126,Upernavik,GL,2021-27-27 09:30:28,72.7868,-56.1549,49.69,78,98,5.73
127,Fochville,ZA,2021-27-27 09:30:28,-26.4886,27.4939,55.02,25,0,5.46
128,Namibe,AO,2021-27-27 09:29:58,-15.1961,12.1522,77.47,40,0,2.37
129,Burnie,AU,2021-27-27 09:30:29,-41.0667,145.9167,56.91,79,100,18.99
130,Amarante Do Maranhao,BR,2021-27-27 09:30:29,-5.5667,-46.7422,69.93,63,5,1.16
131,Ponta Do Sol,PT,2021-27-27 09:30:06,32.6667,-17.1,77.72,73,9,2.77
132,Conde,BR,2021-27-27 09:30:30,-7.2597,-34.9075,69.26,100,20,6.91
133,Ixtapa,MX,2021-27-27 09:28:34,20.7,-105.2,74.44,81,52,4.27
134,Lebu,CL,2021-27-27 09:30:31,-37.6167,-73.65,44.19,77,2,19.51
135,Mugumu,TZ,2021-27-27 09:30:31,-1.85,34.7,84.47,26,32,2.48
136,Fairbanks,US,2021-27-27 09:30:31,64.8378,-147.7164,62.6,69,90,9.22
137,Faanui,PF,2021-27-27 09:30:32,-16.4833,-151.75,78.42,73,71,8.3
138,Fortuna Foothills,US,2021-27-27 09:30:32,32.6578,-114.4119,85.48,56,1,3.44
139,Kruisfontein,ZA,2021-27-27 09:30:15,-34.0033,24.7314,75.87,21,0,25.77
140,Dunda,TZ,2021-27-27 09:30:33,-8.1167,34.25,78.69,21,17,6.33
141,Mount Gambier,AU,2021-27-27 09:27:58,-37.8333,140.7667,57.11,67,75,17.27
142,Golden,US,2021-27-27 09:28:47,39.7555,-105.2211,70.75,49,1,1.99
143,Safaga,EG,2021-27-27 09:30:33,26.7292,33.9365,93.69,46,2,17.9
144,Bonnyville,CA,2021-27-27 09:30:34,54.2668,-110.735,63.72,94,69,2.24
145,Bandarbeyla,SO,2021-27-27 09:30:34,9.4942,50.8122,89.17,43,47,27.54
146,Tiksi,RU,2021-27-27 09:29:59,71.6872,128.8694,37.96,89,94,8.93
147,Farsund,NO,2021-27-27 09:30:35,58.0948,6.8047,68.95,90,100,17.56
148,Waipawa,NZ,2021-27-27 09:30:00,-41.4122,175.5153,47.03,87,95,9.33
149,Whitehorse,CA,2021-27-27 09:30:35,60.7161,-135.0538,49.01,100,90,5.01
150,Khasan,RU,2021-27-27 09:30:36,42.4308,130.6434,77.47,83,40,6.67
151,Salair,RU,2021-27-27 09:30:36,54.2312,85.7972,65.64,57,46,6.58
152,Luanda,AO,2021-27-27 09:26:23,-8.8368,13.2343,73.09,75,86,1.1
153,Shirgaon,IN,2021-27-27 09:30:36,19.7,72.7,84.22,81,100,23.33
154,Tchibanga,GA,2021-27-27 09:30:37,-2.85,11.0333,87.17,44,70,1.61
155,Shakiso,ET,2021-27-27 09:30:37,5.75,38.9167,68.14,56,100,7.38
156,Monte Carmelo,BR,2021-27-27 09:30:38,-18.7247,-47.4986,55.74,55,1,3.0
157,Eganville,CA,2021-27-27 09:30:38,45.5334,-77.0994,62.35,88,68,2.24
158,Dikson,RU,2021-27-27 09:29:48,73.5069,80.5464,40.06,97,100,19.17
159,Tolga,DZ,2021-27-27 09:30:39,34.7222,5.3785,97.61,20,89,15.03
160,Belmonte,BR,2021-27-27 09:30:39,-15.8631,-38.8828,68.5,87,15,1.32
161,Puerto Ayora,EC,2021-27-27 09:29:51,-0.7393,-90.3518,70.65,76,92,10.33
162,Totness,SR,2021-27-27 09:30:40,5.8833,-56.3167,76.21,89,91,5.91
163,Soyo,AO,2021-27-27 09:30:40,-6.1349,12.3689,77.05,67,33,5.06
164,Lagoa,PT,2021-27-27 09:30:40,39.05,-27.9833,70.47,87,100,10.92
165,Hithadhoo,MV,2021-27-27 09:29:48,-0.6,73.0833,82.15,75,100,9.78
166,Rize,TR,2021-27-27 09:30:41,40.9044,40.8949,57.78,90,85,4.14
167,Karaton,ID,2021-27-27 09:30:41,-6.3424,106.1045,86.16,64,9,2.93
168,Esperance,AU,2021-27-27 09:29:57,-33.8667,121.9,53.44,68,67,28.68
169,Flinders,AU,2021-27-27 09:30:25,-34.5833,150.8552,62.2,66,100,1.01
170,Ola,RU,2021-27-27 09:30:42,59.5833,151.2833,57.74,82,81,5.35
171,De Aar,ZA,2021-27-27 09:30:43,-30.6497,24.0123,58.75,26,0,21.54
172,Beroroha,MG,2021-27-27 09:30:43,-21.6667,45.1667,83.79,23,1,3.06
173,Ballina,AU,2021-27-27 09:30:44,-28.8667,153.5667,60.76,72,0,5.75
174,Tessalit,ML,2021-27-27 09:30:44,20.1986,1.0114,95.2,29,77,0.31
175,Walvis Bay,NA,2021-27-27 09:30:44,-22.9575,14.5053,83.35,16,0,24.16
176,Cabo San Lucas,MX,2021-27-27 09:28:46,22.8909,-109.9124,84.51,70,5,9.37
177,Bethel,US,2021-27-27 09:30:45,41.3712,-73.414,68.58,88,1,0.0
178,Hobyo,SO,2021-27-27 09:30:45,5.3505,48.5268,83.26,61,99,28.19
179,Guaymas,MX,2021-27-27 09:30:01,27.9333,-110.9,83.44,58,6,4.56
180,Kyzyl-Suu,KG,2021-27-27 09:30:46,42.3414,78.0056,81.45,28,42,8.12
181,Kudahuvadhoo,MV,2021-27-27 09:30:46,2.6708,72.8944,82.44,72,100,8.14
182,Makakilo City,US,2021-27-27 09:30:47,21.3469,-158.0858,77.32,70,90,3.44
183,Khatanga,RU,2021-27-27 09:30:47,71.9667,102.5,88.3,37,70,9.17
184,Wuzhou,CN,2021-27-27 09:30:48,23.4833,111.3167,84.36,79,99,1.95
185,Ukiah,US,2021-27-27 09:27:49,39.1502,-123.2078,71.53,56,1,3.44
186,Natchez,US,2021-27-27 09:30:48,31.5604,-91.4032,78.89,94,1,0.0
187,Tabas,IR,2021-27-27 09:30:49,33.5959,56.9244,104.07,13,0,17.31
188,Neryungri,RU,2021-27-27 09:30:49,56.6709,124.6491,71.71,71,10,5.75
189,Novyy Urgal,RU,2021-27-27 09:30:49,51.0736,132.5642,71.73,94,100,2.08
190,Barrow,US,2021-27-27 09:30:50,71.2906,-156.7887,42.82,87,90,5.75
191,Nagda,IN,2021-27-27 09:30:50,23.45,75.4167,75.47,88,100,11.3
192,Ihosy,MG,2021-27-27 09:30:51,-22.4,46.1167,70.09,42,3,11.05
193,Charters Towers,AU,2021-27-27 09:30:51,-20.1,146.2667,61.38,73,16,11.32
194,Kapaa,US,2021-27-27 09:30:51,22.0752,-159.319,80.92,81,75,1.01
195,Sao Joao Da Barra,BR,2021-27-27 09:30:52,-21.6403,-41.0511,64.49,76,0,9.64
196,Hilo,US,2021-27-27 09:30:52,19.7297,-155.09,73.26,94,90,4.61
197,College,US,2021-27-27 09:30:53,64.8569,-147.8028,62.58,68,90,5.75
198,Durant,US,2021-27-27 09:30:53,33.994,-96.3708,81.73,83,1,0.0
199,Vostok,RU,2021-27-27 09:30:53,46.4856,135.8833,77.86,74,100,2.19
200,Kodiak,US,2021-27-27 09:29:46,57.79,-152.4072,53.11,71,1,8.05
201,Bambous Virieux,MU,2021-27-27 09:30:54,-20.3428,57.7575,74.21,73,75,12.66
202,Tromso,NO,2021-27-27 09:30:54,69.6496,18.957,72.25,82,0,10.36
203,Portland,US,2021-27-27 09:29:43,45.5234,-122.6762,68.2,75,20,1.01
204,Awbari,LY,2021-27-27 09:30:55,26.5921,12.7805,96.62,14,0,9.75
205,Riyadh,SA,2021-27-27 09:30:31,24.6877,46.7219,113.05,7,0,12.66
206,Constitucion,CL,2021-27-27 09:30:55,-35.3333,-72.4167,41.56,75,1,8.55
207,Akbarpur,IN,2021-27-27 09:30:56,26.4167,82.55,88.27,68,99,10.02
208,Subate,LV,2021-27-27 09:30:56,56.0062,25.9076,78.89,55,100,12.39
209,Anadyr,RU,2021-27-27 09:30:56,64.75,177.4833,55.9,88,90,11.18
210,Jutai,BR,2021-27-27 09:30:57,-5.1833,-68.9,71.11,94,4,1.81
211,Miraflores,MX,2021-27-27 09:30:57,19.2167,-98.8083,58.03,86,87,2.28
212,Bud,US,2021-27-27 09:30:58,39.447,-86.1758,69.78,96,0,4.0
213,Tynda,RU,2021-27-27 09:30:58,55.1667,124.7167,72.54,71,96,4.03
214,Jiblah,YE,2021-27-27 09:30:58,13.9216,44.1467,72.43,60,100,7.43
215,Pemangkat,ID,2021-27-27 09:30:59,1.1667,108.9667,84.74,75,13,12.77
216,Guerrero Negro,MX,2021-27-27 09:30:59,27.9769,-114.0611,67.21,84,0,7.83
217,Mount Isa,AU,2021-27-27 09:30:59,-20.7333,139.5,69.57,24,5,5.75
218,Aswan,EG,2021-27-27 09:31:00,24.0934,32.907,105.06,12,19,17.81
219,Hualmay,PE,2021-27-27 09:31:00,-11.0964,-77.6139,62.51,89,50,6.46
220,Luziania,BR,2021-27-27 09:31:01,-16.2525,-47.9503,53.29,54,21,3.53
221,Gazanjyk,TM,2021-27-27 09:31:01,39.2446,55.5154,106.02,14,0,10.71
222,Izhma,RU,2021-27-27 09:31:01,65.0083,53.9113,48.72,88,100,11.77
223,Cherskiy,RU,2021-27-27 09:31:02,68.75,161.3,37.85,85,10,19.64
224,Lerum,SE,2021-27-27 09:31:02,57.7745,12.2697,72.93,92,75,1.01
225,Kyritz,DE,2021-27-27 09:31:03,52.9421,12.397,76.95,55,8,9.57
226,Gokak,IN,2021-27-27 09:31:03,16.1667,74.8333,79.54,64,100,22.44
227,Bage,BR,2021-27-27 09:31:03,-31.3314,-54.1069,40.8,91,60,11.88
228,Cockburn Town,TC,2021-27-27 09:31:04,21.4612,-71.1419,82.08,84,88,17.09
229,Nanortalik,GL,2021-27-27 09:31:04,60.1432,-45.2371,45.46,80,100,3.89
230,Kokopo,PG,2021-27-27 09:31:05,-4.352,152.2633,78.89,82,12,8.57
231,Iqaluit,CA,2021-27-27 09:31:05,63.7506,-68.5145,47.93,81,75,10.0
232,Dwarka,IN,2021-27-27 09:31:05,22.2394,68.9678,84.4,79,100,26.53
233,Kraksaan,ID,2021-27-27 09:31:06,-7.7585,113.3962,80.91,64,53,4.03
234,Marica,BR,2021-27-27 09:28:11,-22.9194,-42.8186,67.91,63,0,6.11
235,Goure,NE,2021-27-27 09:31:06,13.9835,10.2704,84.07,56,100,8.5
236,Komsomolskiy,UZ,2021-27-27 09:30:25,40.4272,71.7189,96.22,26,1,9.22
237,Nhulunbuy,AU,2021-27-27 09:31:07,-12.2333,136.7667,79.41,73,48,9.22
238,Lasa,IT,2021-27-27 09:31:07,46.6166,10.7002,68.02,72,60,7.05
239,Asau,RO,2021-27-27 09:31:08,46.4333,26.4,87.96,50,57,2.3
240,Port Elizabeth,ZA,2021-27-27 09:29:53,-33.918,25.5701,77.29,19,0,18.41
241,Airai,TL,2021-27-27 09:30:23,-8.9266,125.4092,60.28,83,71,3.53
242,Yazman,PK,2021-27-27 09:31:08,29.1212,71.7446,103.46,35,74,17.31
243,Egvekinot,RU,2021-27-27 09:31:09,66.3167,-179.1667,46.11,95,100,7.52
244,Chipata,ZM,2021-27-27 09:31:09,-13.6333,32.65,69.06,24,39,7.47
245,Najran,SA,2021-27-27 09:31:10,17.4924,44.1277,99.25,17,99,11.97
246,Ponta Delgada,PT,2021-27-27 09:31:10,37.7333,-25.6667,72.32,88,75,10.36
247,Bayanday,RU,2021-27-27 09:31:10,53.0661,105.5139,78.35,39,27,9.6
248,Namatanai,PG,2021-27-27 09:31:11,-3.6667,152.4333,80.55,80,15,8.21
249,Richards Bay,ZA,2021-27-27 09:31:11,-28.783,32.0377,75.04,29,2,16.73
250,Nata,PA,2021-27-27 09:31:12,8.3333,-80.5167,72.46,93,100,2.53
251,Rio Grande,BR,2021-27-27 09:31:12,-32.035,-52.0986,42.94,89,10,15.03
252,Kilrush,IE,2021-27-27 09:31:12,52.6397,-9.4833,62.69,75,100,13.0
253,Kavieng,PG,2021-27-27 09:31:13,-2.5744,150.7967,83.16,75,47,9.93
254,Pevek,RU,2021-27-27 09:31:13,69.7008,170.3133,34.54,94,98,18.1
255,Hettstedt,DE,2021-27-27 09:31:13,51.65,11.5,77.76,56,22,12.37
256,Saldanha,ZA,2021-27-27 09:31:14,-33.0117,17.9442,60.85,75,16,16.8
257,Saint-Leu,RE,2021-27-27 09:31:14,-21.15,55.2833,74.23,67,50,7.99
258,Necochea,AR,2021-27-27 09:31:15,-38.5473,-58.7368,40.03,77,99,18.81
259,Acapulco,MX,2021-27-27 09:31:15,16.8634,-99.8901,78.1,84,100,3.94
260,Divnomorskoye,RU,2021-27-27 09:31:15,44.5011,38.1353,81.48,58,100,15.79
261,Lucapa,AO,2021-27-27 09:31:16,-8.4192,20.7447,80.47,18,26,8.03
262,Mildura,AU,2021-27-27 09:31:16,-34.2,142.15,66.16,30,83,18.41
263,Atambua,ID,2021-27-27 09:31:16,-9.1061,124.8925,74.53,72,42,1.77
264,Sestri Levante,IT,2021-27-27 09:31:17,44.2732,9.3968,84.22,71,84,5.99
265,Santa Fe,AR,2021-27-27 09:31:17,-31.6333,-60.7,39.02,56,0,1.99
266,Waingapu,ID,2021-27-27 09:31:18,-9.6567,120.2641,79.72,66,51,14.12
267,Hope,US,2021-27-27 09:31:18,33.6671,-93.5916,78.94,74,55,3.85
268,Sainte-Anne-Des-Monts,CA,2021-27-27 09:31:18,49.124,-66.4924,58.87,93,99,6.42
269,Niamey,NE,2021-27-27 09:31:19,13.5137,2.1098,73.69,100,40,9.22
270,Mayo,US,2021-27-27 09:26:27,38.8876,-76.5119,74.57,94,1,1.01
271,Chara,RU,2021-27-27 09:31:19,56.9064,118.2631,77.32,42,4,3.29
272,Yankton,US,2021-27-27 09:31:20,42.8711,-97.3973,78.12,83,1,10.36
273,Valdivia,CL,2021-27-27 09:31:20,-39.8142,-73.2459,35.69,95,26,1.99
274,Kahului,US,2021-27-27 09:31:21,20.8947,-156.47,77.85,89,40,16.11
275,Chuy,UY,2021-27-27 09:31:21,-33.6971,-53.4616,41.76,79,58,13.42
276,Lichinga,MZ,2021-27-27 09:31:21,-13.3128,35.2406,59.09,55,75,13.8
277,Alice Springs,AU,2021-27-27 09:31:22,-23.7,133.8833,81.95,21,11,11.99
278,Limbang,MY,2021-27-27 09:31:22,4.75,115.0,91.51,78,58,3.44
279,Gat,IL,2021-27-27 09:31:23,31.61,34.7642,93.4,38,0,14.81
280,Verkhnevilyuysk,RU,2021-27-27 09:31:23,63.4453,120.3167,81.36,49,3,5.57
281,Dana Point,US,2021-27-27 09:31:23,33.467,-117.6981,71.73,90,40,1.01
282,Yichang,CN,2021-27-27 09:31:24,30.7144,111.2847,91.54,58,22,6.64
283,Hasaki,JP,2021-27-27 09:31:24,35.7333,140.8333,77.4,75,59,24.34
284,Bilibino,RU,2021-27-27 09:31:25,68.0546,166.4372,44.74,72,12,6.8
285,Murray Bridge,AU,2021-27-27 09:31:25,-35.1167,139.2667,58.12,75,99,17.43
286,Margate,GB,2021-27-27 09:30:29,51.3813,1.3862,68.92,74,100,8.66
287,Pansemal,IN,2021-27-27 09:31:26,21.65,74.7,76.6,90,100,12.95
288,Sao Caetano De Odivelas,BR,2021-27-27 09:31:26,-0.75,-48.02,74.75,88,26,4.12
289,Cancun,MX,2021-27-27 09:27:48,21.1743,-86.8466,77.05,100,20,0.0
290,Baruun-Urt,MN,2021-27-27 09:31:27,46.6806,113.2792,74.12,43,59,3.49
291,Port Blair,IN,2021-27-27 09:31:27,11.6667,92.75,83.97,80,30,19.98
292,Lundazi,ZM,2021-27-27 09:31:28,-12.2929,33.1782,68.85,38,90,7.87
293,Bathsheba,BB,2021-27-27 09:31:28,13.2167,-59.5167,79.41,83,40,10.36
294,Tanabe,JP,2021-27-27 09:31:28,33.7333,135.3667,87.01,62,75,11.5
295,Plaster Rock,CA,2021-27-27 09:31:29,46.9065,-67.39,61.32,98,94,2.59
296,Dongsheng,CN,2021-27-27 09:31:29,39.8161,109.9776,80.87,27,100,7.14
297,Hamilton,US,2021-27-27 09:29:05,39.1834,-84.5333,69.04,92,1,0.0
298,Kushmurun,KZ,2021-27-27 09:31:30,52.4503,64.6311,72.93,34,44,12.01
299,Kununurra,AU,2021-27-27 09:31:30,-15.7667,128.7333,85.98,45,84,5.75
300,Clearwater,US,2021-27-27 09:31:30,27.9659,-82.8001,82.38,83,75,5.01
301,Serebryansk,KZ,2021-27-27 09:31:31,49.6925,83.2892,74.75,49,32,17.98
302,Kaitangata,NZ,2021-27-27 09:31:31,-46.2817,169.8464,46.92,69,89,5.26
303,Tonota,BW,2021-27-27 09:31:31,-21.4833,27.4833,64.67,32,0,9.78
304,Bakong,CM,2021-27-27 09:31:32,5.0935,10.4852,68.4,77,94,4.56
305,Rafai,CF,2021-27-27 09:31:32,4.95,23.9167,69.17,95,100,1.39
306,Bull Savanna,JM,2021-27-27 09:31:33,17.8868,-77.5902,75.96,82,31,7.76
307,Lewistown,US,2021-27-27 09:31:33,40.5992,-77.5714,68.79,90,1,0.0
308,Chingirlau,KZ,2021-27-27 09:31:33,51.095,54.0814,81.14,22,7,7.76
309,Port Hedland,AU,2021-27-27 09:31:34,-20.3167,118.5667,75.25,78,48,17.27
310,Saint-Francois,FR,2021-27-27 09:31:34,46.4154,3.9054,75.47,68,0,2.3
311,Bac Ninh,VN,2021-27-27 09:31:34,21.1833,106.05,96.89,51,65,2.1
312,Dzilam Gonzalez,MX,2021-27-27 09:31:35,21.2833,-88.9333,72.43,96,18,4.83
313,Nuuk,GL,2021-27-27 09:26:57,64.1835,-51.7216,56.01,71,75,8.05
314,Antofagasta,CL,2021-27-27 09:31:35,-23.65,-70.4,56.48,77,43,5.95
315,Zelezna Ruda,CZ,2021-27-27 09:31:36,49.1374,13.2352,72.32,63,59,8.99
316,Kupang,ID,2021-27-27 09:31:36,-10.1667,123.5833,84.78,45,20,18.41
317,Moju,BR,2021-27-27 09:31:37,-1.8839,-48.7689,77.07,94,23,1.41
318,Rishikesh,IN,2021-27-27 09:31:37,30.1167,78.3167,86.68,66,97,2.84
319,Brive-La-Gaillarde,FR,2021-27-27 09:31:37,45.25,1.5,72.41,57,95,4.61
320,Iwanai,JP,2021-27-27 09:31:38,42.9744,140.5089,74.44,74,100,3.89
321,San Ramon,US,2021-27-27 09:29:07,37.7799,-121.978,65.75,75,1,1.01
322,Kirksville,US,2021-27-27 09:29:44,40.1948,-92.5833,67.05,94,1,3.44
323,Nador,MA,2021-27-27 09:30:00,35.174,-2.9287,78.87,73,20,5.75
324,Baykit,RU,2021-27-27 09:31:39,61.67,96.37,90.57,26,8,9.57
325,Ishigaki,JP,2021-27-27 09:30:40,24.3448,124.1572,86.13,84,75,10.36
326,Intipuca,SV,2021-27-27 09:31:39,13.1969,-88.0544,73.67,92,73,0.94
327,Qaqortoq,GL,2021-27-27 09:31:40,60.7167,-46.0333,48.7,67,100,3.09
328,Padang,ID,2021-27-27 09:31:40,-0.9492,100.3543,87.85,81,48,2.8
329,Dalvik,IS,2021-27-27 09:31:40,65.9702,-18.5286,51.73,78,100,6.53
330,Dalbandin,PK,2021-27-27 09:31:41,28.8947,64.4101,111.81,7,24,15.03
331,Rosamorada,MX,2021-27-27 09:31:41,22.1222,-105.2058,76.84,93,89,1.72
332,Arlit,NE,2021-27-27 09:31:36,18.7369,7.3853,93.65,38,45,15.12
333,Tautira,PF,2021-27-27 09:31:42,-17.7333,-149.15,75.22,77,19,9.73
334,Roald,NO,2021-27-27 09:31:42,62.5833,6.1333,78.17,73,0,3.44
335,Lebyazhye,RU,2021-27-27 09:31:42,55.2689,66.4947,67.57,50,53,9.06
336,Tahe,CN,2021-27-27 09:31:43,52.3333,124.7333,65.5,95,100,3.8
337,Ust-Kuyga,RU,2021-27-27 09:31:43,70.0167,135.6,56.43,47,73,19.62
338,Ponyri,RU,2021-27-27 09:31:44,52.3186,36.3039,83.64,37,54,3.87
339,Kasungu,MW,2021-27-27 09:31:44,-13.0333,33.4833,71.91,29,47,5.93
340,La Ronge,CA,2021-27-27 09:31:44,55.1001,-105.2842,62.82,67,40,4.61
341,Mgandu,TZ,2021-27-27 09:31:45,-5.95,34.1333,74.19,29,17,7.54
342,Roebourne,AU,2021-27-27 09:31:45,-20.7833,117.1333,76.73,58,61,15.84
343,Vardo,NO,2021-27-27 09:30:10,70.3705,31.1107,48.18,87,46,10.36
344,Benguela,AO,2021-27-27 09:31:46,-12.5763,13.4055,76.17,68,3,6.64
345,Idil,TR,2021-27-27 09:31:46,37.3411,41.8895,105.73,13,20,8.05
346,Torbay,CA,2021-27-27 09:31:46,47.6666,-52.7314,61.57,97,90,20.71
347,Mayumba,GA,2021-27-27 09:31:47,-3.432,10.6554,77.61,72,71,5.41
348,Guiratinga,BR,2021-27-27 09:31:47,-16.3494,-53.7583,61.84,51,10,3.22
349,Crotone,IT,2021-27-27 09:31:48,39.0851,17.1178,91.35,51,0,8.05
350,Kamenka,RU,2021-27-27 09:31:48,51.3223,42.7678,84.18,29,30,8.72
351,La Romana,DO,2021-27-27 09:31:48,18.4273,-68.9728,80.33,88,100,10.38
352,Erenhot,CN,2021-27-27 09:31:49,43.6475,111.9767,79.9,37,36,1.79
353,Troitskiy,RU,2021-27-27 09:31:49,57.0603,63.7481,60.93,83,69,10.47
354,Broome,US,2021-27-27 09:31:50,42.2506,-75.833,65.68,87,0,1.99
355,Bengkulu,ID,2021-27-27 09:31:50,-3.8004,102.2655,83.62,68,4,7.67
356,Quincy,US,2021-27-27 09:29:10,42.2529,-71.0023,70.48,86,1,1.01
357,Pontianak,ID,2021-27-27 09:31:50,-0.0333,109.3333,89.58,66,40,10.36
358,Pouembout,NC,2021-27-27 09:31:51,-21.1333,164.9,64.24,77,2,5.66
359,Longjiang,CN,2021-27-27 09:31:51,47.3303,123.1836,75.13,82,99,2.28
360,Bouake,CI,2021-27-27 09:31:52,7.6895,-5.0218,73.51,94,40,9.22
361,Kiama,AU,2021-27-27 09:31:52,-34.6833,150.8667,60.58,66,100,7.0
362,Elizabethtown,US,2021-27-27 09:31:52,37.694,-85.8591,72.99,86,1,3.44
363,Batsfjord,NO,2021-27-27 09:30:01,70.6345,29.7185,48.2,66,49,1.83
364,Kapit,MY,2021-27-27 09:31:53,2.0167,112.9333,86.61,68,56,0.94
365,Wattegama,LK,2021-27-27 09:31:23,6.7989,81.4808,92.32,39,100,14.61
366,Noumea,NC,2021-27-27 09:30:11,-22.2763,166.4572,66.18,69,1,9.86
367,Taksimo,RU,2021-27-27 09:31:54,56.3444,114.8794,79.66,40,9,4.25
368,Livingston,GB,2021-27-27 09:31:54,55.9029,-3.5226,68.13,80,75,2.3
369,Batagay-Alyta,RU,2021-27-27 09:31:54,67.8006,130.4114,56.3,54,94,13.15
370,Caravelas,BR,2021-27-27 09:31:55,-17.7125,-39.2481,66.79,93,13,2.59
371,Huaicheng,CN,2021-27-27 09:31:55,23.9051,112.1931,91.99,62,94,0.76
372,Yar-Sale,RU,2021-27-27 09:30:11,66.8333,70.8333,61.48,45,61,9.26
373,Viedma,AR,2021-27-27 09:31:56,-40.8135,-62.9967,42.93,58,68,24.92
374,Amapa,BR,2021-27-27 09:31:56,1.0,-52.0,69.44,98,28,0.69
375,Santa Marta,CO,2021-27-27 09:30:51,11.2408,-74.199,81.99,80,99,5.7
376,Tommot,RU,2021-27-27 09:31:57,58.9564,126.2925,77.92,70,13,2.13
377,Dombarovskiy,RU,2021-27-27 09:31:57,50.7587,59.5386,73.45,42,59,5.86
378,Tura,IN,2021-27-27 09:31:04,25.5198,90.2201,78.4,96,100,3.94
379,Sabang,ID,2021-27-27 09:31:58,5.8933,95.3214,83.7,77,61,23.73
380,Loandjili,CG,2021-27-27 09:31:58,-4.7561,11.8578,78.91,73,40,9.22
381,Abu Kamal,SY,2021-27-27 09:31:58,34.4506,40.9171,106.81,15,0,14.85
382,Zhangjiakou,CN,2021-27-27 09:31:59,40.81,114.8794,82.02,55,29,2.68
383,Koumac,NC,2021-27-27 09:31:59,-20.5667,164.2833,67.75,71,23,5.44
384,Santiago De Cuba,CU,2021-27-27 09:32:00,20.0247,-75.8219,80.22,88,20,3.44
385,Majene,ID,2021-27-27 09:32:00,-3.5403,118.9707,82.15,67,78,9.93
386,Port Hardy,CA,2021-27-27 09:30:11,50.6996,-127.4199,51.8,93,40,5.75
387,Vagamo,NO,2021-27-27 09:32:01,61.8751,9.0967,65.41,81,100,7.09
388,Praya,CV,2021-27-27 09:31:12,14.9215,-23.5087,77.54,73,75,8.05
389,Luderitz,NA,2021-27-27 09:32:01,-26.6481,15.1594,64.92,59,10,11.39
390,Katangli,RU,2021-27-27 09:32:02,51.7102,143.2326,63.07,97,99,6.15
391,Phuket,TH,2021-27-27 09:32:03,8.0,98.25,89.1,74,40,11.5
392,Hami,CN,2021-27-27 09:32:04,42.8,93.45,100.33,10,48,11.45
393,Bondo,CD,2021-27-27 09:32:04,3.8146,23.6866,81.81,61,91,2.21
394,Sompeta,IN,2021-27-27 09:32:04,18.9333,84.6,87.98,64,99,5.08
395,Champerico,GT,2021-27-27 09:32:05,14.3,-91.9167,81.36,85,67,4.94
396,Gornopravdinsk,RU,2021-27-27 09:32:05,60.05,69.9,61.79,80,74,9.86
397,Coihaique,CL,2021-27-27 09:32:06,-45.5752,-72.0662,35.55,80,0,4.61
398,Salinopolis,BR,2021-27-27 09:31:25,-0.6136,-47.3561,78.3,80,21,5.59
399,Salekhard,RU,2021-27-27 09:32:06,66.53,66.6019,60.28,59,99,8.88
400,Knysna,ZA,2021-27-27 09:32:07,-34.0363,23.0471,64.78,35,0,7.43
401,Lavrentiya,RU,2021-27-27 09:32:07,65.5833,-171.0,43.57,99,100,3.94
402,Harper,LR,2021-27-27 09:32:08,4.375,-7.7169,78.01,74,100,10.11
403,Katsuura,JP,2021-27-27 09:30:51,35.1333,140.3,88.11,77,19,5.17
404,Karaman,TR,2021-27-27 09:32:08,37.0833,33.25,79.65,30,0,18.54
405,Grand Gaube,MU,2021-27-27 09:32:09,-20.0064,57.6608,74.37,69,37,11.99
406,Yerbogachen,RU,2021-27-27 09:32:09,61.2767,108.0108,88.21,34,2,6.82
407,Urucara,BR,2021-27-27 09:32:09,-2.5364,-57.76,69.58,77,0,0.96
408,Farmington,US,2021-27-27 09:32:10,36.7281,-108.2187,66.88,87,1,5.75
409,Baracoa,CU,2021-27-27 09:32:10,20.3467,-74.4958,78.48,88,85,1.19
410,San Luis,AR,2021-27-27 09:32:10,-33.295,-66.3356,34.61,37,2,1.45
411,Awjilah,LY,2021-27-27 09:32:11,29.1081,21.2869,94.91,22,0,5.93
412,Santarem,BR,2021-27-27 09:32:11,-2.4431,-54.7083,73.53,100,0,0.0
413,Centralia,US,2021-27-27 09:31:54,46.7162,-122.9543,63.05,80,1,0.0
414,Nalut,LY,2021-27-27 09:32:12,30.3333,10.85,94.6,14,0,9.55
415,Alofi,NU,2021-27-27 09:32:12,-19.0595,-169.9187,67.89,100,44,1.14
416,Codrington,AU,2021-27-27 09:30:28,-38.2667,141.9667,56.35,75,100,20.62
417,Do Gonbadan,IR,2021-27-27 09:32:13,30.3586,50.7981,111.29,7,0,9.22
418,Presidencia Roque Saenz Pena,AR,2021-27-27 09:30:55,-26.7852,-60.4388,49.32,50,1,9.15
419,Pingzhuang,CN,2021-27-27 09:32:13,42.0372,119.2889,74.91,74,100,3.18
420,Narsaq,GL,2021-27-27 09:30:32,60.9167,-46.05,48.42,78,100,3.27
421,Qasigiannguit,GL,2021-27-27 09:32:14,68.8193,-51.1922,61.05,74,100,5.26
422,Klaksvik,FO,2021-27-27 09:32:14,62.2266,-6.589,54.52,98,100,11.63
423,Grindavik,IS,2021-27-27 09:32:15,63.8424,-22.4338,53.55,87,0,14.97
424,Moerai,PF,2021-27-27 09:32:15,-22.4333,-151.3333,75.06,82,100,17.27
425,Tuatapere,NZ,2021-27-27 09:32:16,-46.1333,167.6833,45.82,83,78,7.67
426,Northam,GB,2021-27-27 09:32:16,51.0333,-4.2167,69.21,86,97,5.73
427,Mondlo,ZA,2021-27-27 09:32:16,-27.983,30.7177,66.07,12,0,12.08
428,Talnakh,RU,2021-27-27 09:32:17,69.4865,88.3972,84.94,40,78,17.4
429,Ouidah,BJ,2021-27-27 09:32:17,6.3631,2.0851,78.66,67,100,13.96
430,San Quintin,MX,2021-27-27 09:32:18,30.4833,-115.95,66.97,88,0,7.05
431,Cabedelo,BR,2021-27-27 09:29:33,-6.9811,-34.8339,70.47,85,53,9.4
432,Buchanan,LR,2021-27-27 09:32:18,5.8808,-10.0467,78.06,82,75,11.95
433,Linjiang,CN,2021-27-27 09:32:19,41.8069,126.9078,84.02,70,48,4.0
434,Nome,US,2021-27-27 09:32:19,64.5011,-165.4064,50.07,93,90,11.5
435,Mogadishu,SO,2021-27-27 09:32:19,2.0371,45.3438,78.67,61,90,21.85
436,Nguruka,TZ,2021-27-27 09:32:20,-5.1092,31.0419,80.22,23,19,7.43
437,Leningradskiy,RU,2021-27-27 09:32:20,69.3833,178.4167,37.02,95,100,5.46
438,Narodychi,UA,2021-27-27 09:32:20,51.2029,29.0823,84.99,39,42,13.42
439,Trabzon,TR,2021-27-27 09:32:21,40.9167,39.8333,66.29,94,75,4.61
440,Olafsvik,IS,2021-27-27 09:32:21,64.8945,-23.7142,50.45,77,42,17.67
441,Vila Velha,BR,2021-27-27 09:32:22,-20.3297,-40.2925,62.55,94,0,3.44
442,Pisco,PE,2021-27-27 09:32:22,-13.7,-76.2167,58.01,88,0,4.61
443,Uusikaupunki,FI,2021-27-27 09:32:22,60.8004,21.4084,84.72,47,100,7.61
444,Lorengau,PG,2021-27-27 09:32:23,-2.0226,147.2712,82.53,75,59,7.72
445,Bonavista,CA,2021-27-27 09:32:23,48.6499,-53.1147,57.2,92,84,13.18
446,Yulara,AU,2021-27-27 09:32:24,-25.2406,130.9889,78.64,15,8,14.97
447,Kysyl-Syr,RU,2021-27-27 09:32:24,63.8986,122.7617,76.17,40,5,7.56
448,San Patricio,US,2021-27-27 09:31:15,28.017,-97.5169,81.84,88,3,4.36
449,Valle De Allende,MX,2021-27-27 09:32:24,26.9333,-105.4,69.96,40,34,6.24
450,Tomatlan,MX,2021-27-27 09:32:25,19.9333,-105.25,72.81,90,92,4.72
451,Takoradi,GH,2021-27-27 09:32:25,4.8845,-1.7554,79.32,68,100,11.36
452,Sibu,MY,2021-27-27 09:32:26,2.3,111.8167,91.71,62,40,5.75
453,Atar,MR,2021-27-27 09:31:21,20.5169,-13.0499,94.53,21,4,8.25
454,Goderich,CA,2021-27-27 09:31:12,43.7501,-81.7165,70.92,83,29,5.75
455,Puerto Escondido,MX,2021-27-27 09:32:26,15.85,-97.0667,77.74,82,94,4.65
456,Provideniya,RU,2021-27-27 09:32:27,64.3833,-173.3,46.65,99,100,8.14
457,Betong,TH,2021-27-27 09:32:27,5.7743,101.0723,83.39,71,54,4.56
458,Media Luna,CU,2021-27-27 09:32:27,20.1419,-77.435,77.67,82,74,5.14
459,Vanimo,PG,2021-27-27 09:32:28,-2.6741,141.3028,79.84,87,63,7.83
460,Praia Da Vitoria,PT,2021-27-27 09:32:28,38.7333,-27.0667,75.76,94,75,11.54
461,Kota Belud,MY,2021-27-27 09:32:28,6.351,116.4305,91.26,73,77,9.51
462,Imbituba,BR,2021-27-27 09:32:29,-28.24,-48.6703,67.89,95,100,4.14
463,Clarence Town,AU,2021-27-27 09:30:30,-32.5833,151.7833,59.86,77,17,3.74
464,Ayr,GB,2021-27-27 09:32:29,55.4627,-4.6339,63.32,82,90,6.91
465,Palmer,US,2021-27-27 09:32:30,42.1584,-72.3287,67.84,82,1,0.0
466,Sokolo,ML,2021-27-27 09:32:30,14.7328,-6.1219,77.09,71,100,8.14
467,Chapais,CA,2021-27-27 09:32:31,49.7834,-74.8492,46.18,97,35,4.41
468,Baghdad,IQ,2021-27-27 09:32:31,33.3406,44.4009,118.31,13,0,14.97
469,Corn Island,NI,2021-27-27 09:32:31,12.1694,-83.0418,77.14,88,100,5.14
470,Santiago,CL,2021-27-27 09:32:32,-33.4569,-70.6483,47.17,68,20,0.0
471,Iralaya,HN,2021-27-27 09:32:32,15.0,-83.2333,78.22,86,29,7.4
472,Moose Factory,CA,2021-27-27 09:32:32,51.2585,-80.6094,55.38,76,90,8.05
473,Sioux Lookout,CA,2021-27-27 09:32:33,50.1001,-91.917,55.78,100,20,2.3
474,Adrar,MR,2021-27-27 09:32:33,20.5022,-10.0711,94.89,17,62,9.51
475,Iracoubo,GF,2021-27-27 09:32:34,5.4802,-53.2011,75.33,91,63,5.17
476,Salalah,OM,2021-27-27 09:27:57,17.0151,54.0924,84.29,79,75,13.8
477,Cayenne,GF,2021-27-27 09:30:05,4.9333,-52.3333,77.09,90,75,0.0
478,Aykhal,RU,2021-27-27 09:32:34,66.0,111.5,85.84,33,17,9.42
479,Naze,JP,2021-27-27 09:30:13,28.3667,129.4833,79.72,86,100,11.07
480,Sinegorye,RU,2021-27-27 09:32:35,62.0788,150.477,52.23,61,89,7.56
481,Ostrovnoy,RU,2021-27-27 09:32:35,68.0531,39.5131,47.7,80,96,19.06
482,Weligama,LK,2021-27-27 09:32:36,5.9667,80.4167,83.43,73,97,13.82
483,Figeac,FR,2021-27-27 09:32:36,44.75,1.9167,71.35,57,85,4.16
484,Gryazovets,RU,2021-27-27 09:32:37,58.88,40.2525,72.32,53,88,5.55
485,Port-Gentil,GA,2021-27-27 09:32:37,-0.7193,8.7815,80.56,69,40,9.22
486,Igrim,RU,2021-27-27 09:32:37,63.1906,64.4162,59.14,44,66,13.91
487,Melville,US,2021-27-27 09:30:04,40.7934,-73.4151,77.56,74,1,0.0
488,Coquimbo,CL,2021-27-27 09:30:06,-29.9533,-71.3436,47.93,81,0,5.75
489,Romny,UA,2021-27-27 09:32:38,50.751,33.4747,85.98,32,21,8.34
490,Hollabrunn,AT,2021-27-27 09:32:39,48.55,16.0833,84.42,61,41,1.01
491,Baripada,IN,2021-27-27 09:32:39,21.935,86.7214,89.1,66,99,8.41
492,Shache,CN,2021-27-27 09:32:39,38.4167,77.2406,103.96,8,42,13.58
493,Yumen,CN,2021-27-27 09:30:56,40.2833,97.2,90.28,10,22,12.84
494,Verkhnyaya Inta,RU,2021-27-27 09:32:40,65.9811,60.3094,49.51,65,99,8.77
495,Revelstoke,CA,2021-27-27 09:32:40,50.9832,-118.2023,60.82,82,90,2.3
496,Hay River,CA,2021-27-27 09:30:40,60.8156,-115.7999,57.18,88,75,4.61
497,Maues,BR,2021-27-27 09:32:41,-3.3836,-57.7186,69.21,73,2,2.17
498,Lompoc,US,2021-27-27 09:30:15,34.6391,-120.4579,64.11,89,90,0.0
499,Sumbe,AO,2021-27-27 09:31:26,-11.2061,13.8437,78.8,67,20,5.75
500,Paita,PE,2021-27-27 09:32:41,-5.0892,-81.1144,67.68,83,100,12.19
501,Cortez,US,2021-27-27 09:32:42,37.3489,-108.5859,65.41,91,1,0.0
502,Jumla,NP,2021-27-27 09:32:42,29.2747,82.1838,73.92,79,88,4.16
503,Big Rapids,US,2021-27-27 09:32:43,43.6981,-85.4837,72.84,68,1,10.36
504,Chaman,PK,2021-27-27 09:32:43,30.9236,66.4512,105.67,8,92,14.65
505,Thinadhoo,MV,2021-27-27 09:32:44,0.5333,72.9333,81.9,72,100,4.83
506,Vrangel,RU,2021-27-27 09:32:44,42.7297,133.0839,76.71,88,20,3.44
507,Carballo,ES,2021-27-27 09:32:44,43.213,-8.691,68.58,88,78,4.16
508,Sihora,IN,2021-27-27 09:32:45,23.4833,80.1167,78.13,88,100,15.82
509,Pathein,MM,2021-27-27 09:32:45,16.7833,94.7333,82.17,82,100,12.91
510,Inhambane,MZ,2021-27-27 09:29:54,-23.865,35.3833,75.18,43,40,9.22
511,Pimenta Bueno,BR,2021-27-27 09:28:03,-11.6725,-61.1936,70.07,62,3,1.12
512,Mabay,PH,2021-27-27 09:32:46,6.0577,124.4666,81.84,77,94,0.4
513,Omboue,GA,2021-27-27 09:32:46,-1.5746,9.2618,81.5,59,58,6.15
514,Karratha,AU,2021-27-27 09:32:47,-20.7377,116.8463,74.62,67,54,15.7
515,Pucallpa,PE,2021-27-27 09:32:47,-8.3791,-74.5539,72.59,82,40,0.92
516,Cordoba,AR,2021-27-27 09:30:27,-31.4135,-64.1811,35.76,47,0,8.05
517,Deputatskiy,RU,2021-27-27 09:32:47,69.3,139.9,46.85,59,96,15.17
518,La Mira,MX,2021-27-27 09:32:48,18.035,-102.3266,77.7,89,100,4.99
519,Ambilobe,MG,2021-27-27 09:30:18,-13.2,49.05,88.38,34,45,5.32
520,Lago Da Pedra,BR,2021-27-27 09:32:48,-4.3333,-45.1667,70.75,81,7,2.24
521,Bianzhuang,CN,2021-27-27 09:32:49,34.8486,118.0447,77.2,89,100,17.92
522,Merauke,ID,2021-27-27 09:32:49,-8.4667,140.3333,79.45,76,84,11.43
523,Juxtlahuaca,MX,2021-27-27 09:32:49,17.4294,-99.1467,69.35,96,100,0.98
524,Bereznik,RU,2021-27-27 09:32:50,62.8551,42.7072,66.4,39,37,10.83
525,Nha Trang,VN,2021-27-27 09:30:43,12.25,109.1833,98.6,58,29,6.2
526,Diamantino,BR,2021-27-27 09:31:09,-14.4086,-56.4461,66.97,58,6,4.94
527,Saquena,PE,2021-27-27 09:32:50,-4.6667,-73.5167,70.2,99,53,1.72
528,Iguape,BR,2021-27-27 09:32:51,-24.7081,-47.5553,64.96,58,25,10.92
529,Wamba,NG,2021-27-27 09:32:51,8.9333,8.6,72.07,85,100,4.61
530,Touros,BR,2021-27-27 09:32:52,-5.1989,-35.4608,70.7,82,28,11.54
531,Flin Flon,CA,2021-27-27 09:32:52,54.7682,-101.865,55.58,63,26,4.99
532,Portlethen,GB,2021-27-27 09:32:52,57.0547,-2.1307,62.37,90,90,5.75
533,Daru,PG,2021-27-27 09:32:53,-9.0763,143.2092,77.22,86,85,15.55
534,Acuexcomac,MX,2021-27-27 09:32:53,19.0333,-98.3833,54.46,85,90,4.54
535,Ca Mau,VN,2021-27-27 09:32:53,9.1769,105.15,86.34,66,1,12.44
536,Pokrovsk,UA,2021-27-27 09:32:54,48.282,37.1758,86.38,32,2,6.53
537,Dzaoudzi,YT,2021-27-27 09:32:54,-12.7887,45.2699,82.29,61,20,17.27
538,Sur,OM,2021-27-27 09:32:55,22.5667,59.5289,100.54,42,77,7.58
539,Kayes,ML,2021-27-27 09:32:55,14.0,-11.0,81.72,74,100,9.19
540,Akyab,MM,2021-27-27 09:32:55,20.15,92.9,81.41,82,100,18.25
541,Shevchenkove,UA,2021-27-27 09:32:56,49.6959,37.1735,85.78,25,2,8.75
542,Bealanana,MG,2021-27-27 09:32:56,-14.55,48.7333,68.29,58,74,7.92
543,Skegness,GB,2021-27-27 09:32:56,53.1436,0.3363,70.34,74,100,7.72
544,Xinpu,CN,2021-27-27 09:32:57,34.5997,119.1594,78.19,91,100,20.13
545,Pemberton,CA,2021-27-27 09:32:57,50.3164,-122.8027,57.06,83,0,2.15
546,Gigmoto,PH,2021-27-27 09:32:57,13.7796,124.39,84.25,79,100,13.69
547,Jacksonville,US,2021-27-27 09:32:44,30.3322,-81.6556,78.91,94,40,1.01
548,Rawson,AR,2021-27-27 09:32:58,-43.3002,-65.1023,42.22,64,79,28.59
549,Okhotsk,RU,2021-27-27 09:32:58,59.3833,143.3,63.95,87,65,9.4
550,Semey,KZ,2021-27-27 09:32:59,50.4111,80.2275,77.22,29,0,11.18
551,Lac Du Bonnet,CA,2021-27-27 09:32:59,50.2536,-96.0612,57.58,79,0,2.75
552,Xiaolingwei,CN,2021-27-27 09:32:59,32.0333,118.85,78.85,98,100,10.04
553,San Andres,CO,2021-27-27 09:33:00,12.5847,-81.7006,80.62,83,40,2.3
554,Pierre,US,2021-27-27 09:32:09,44.3683,-100.351,76.28,73,1,0.0
555,Litovko,RU,2021-27-27 09:33:00,49.2361,135.1742,87.03,55,76,7.29
556,Ilulissat,GL,2021-27-27 09:30:23,69.2167,-51.1,60.82,55,100,14.97
557,Cheyenne,US,2021-27-27 09:33:01,41.14,-104.8203,65.95,75,1,4.61
558,Krasnoselkup,RU,2021-27-27 09:33:01,65.7,82.4667,50.13,96,100,14.09
559,Aurillac,FR,2021-27-27 09:28:48,44.9167,2.45,68.25,67,98,3.33
560,Turan,VN,2021-27-27 09:33:02,16.0678,108.2208,100.45,49,20,6.91
561,Balaka,MW,2021-27-27 09:33:02,-14.9793,34.9558,71.85,33,41,6.15
562,Bang Saphan,TH,2021-27-27 09:33:03,11.2126,99.5117,84.94,74,98,10.11
563,Muzhi,RU,2021-27-27 09:33:03,65.3667,64.6667,44.94,92,100,11.41
564,Kuusamo,FI,2021-27-27 09:33:04,65.9667,29.1833,68.04,42,0,4.61
565,Paamiut,GL,2021-27-27 09:33:04,61.994,-49.6678,45.73,88,100,13.67
566,Erzin,TR,2021-27-27 09:33:04,36.9559,36.2,97.32,26,0,8.57
567,Oriximina,BR,2021-27-27 09:33:05,-1.7656,-55.8661,72.19,71,9,2.19
568,Ginir,ET,2021-27-27 09:33:05,7.1333,40.7,69.49,52,96,7.07
569,Santa Cruz,BO,2021-27-27 09:30:03,-17.8,-63.1667,65.66,52,40,23.02
570,Byron Bay,AU,2021-27-27 09:29:18,-28.65,153.6167,62.87,64,0,12.75
571,Zheleznodorozhnyy,RU,2021-27-27 09:33:06,55.7503,38.0042,82.62,28,1,1.86
572,Aktas,KZ,2021-27-27 09:33:06,49.7789,72.9608,73.15,27,4,11.5
573,Ahmadnagar,IN,2021-27-27 09:28:41,19.0833,74.7333,82.54,57,100,24.79
574,Acari,PE,2021-27-27 09:33:07,-15.4311,-74.6158,61.56,81,60,3.13
575,Fortuna,US,2021-27-27 09:33:07,40.5982,-124.1573,66.42,94,90,0.0
576,Nishihara,JP,2021-27-27 09:33:08,26.1842,127.7558,85.68,89,75,17.27
577,Bireun,ID,2021-27-27 09:33:08,5.203,96.7009,85.32,68,44,4.54
578,Chone,EC,2021-27-27 09:33:08,-0.6833,-80.1,70.86,93,96,0.34
579,Uige,AO,2021-27-27 09:33:09,-7.6087,15.0613,69.82,64,20,4.61
580,Berlevag,NO,2021-27-27 09:29:51,70.8578,29.0864,48.15,87,40,10.36
581,Brae,GB,2021-27-27 09:33:09,60.3964,-1.353,55.31,97,99,10.33
582,Nadym,RU,2021-27-27 09:33:10,65.5333,72.5167,64.8,40,43,4.38
583,Wufeng,CN,2021-27-27 09:33:10,27.45,104.8333,66.76,85,84,5.06
584,Lagos,NG,2021-27-27 09:29:29,6.5833,3.75,79.12,65,100,9.35
585,Tanout,NE,2021-27-27 09:33:11,14.9709,8.8879,84.24,52,98,8.68
586,Caruray,PH,2021-27-27 09:33:11,10.3094,119.0128,84.16,73,61,16.31
587,Pangody,RU,2021-27-27 09:33:11,65.85,74.4859,63.03,41,46,11.41
588,Rocha,UY,2021-27-27 09:33:12,-34.4833,-54.3333,41.05,69,77,11.99
589,Norfolk,US,2021-27-27 09:30:07,42.1668,-71.2495,69.98,89,1,0.0
590,Luwuk,ID,2021-27-27 09:33:12,-0.9516,122.7875,77.54,84,85,6.13
